Exposure,Outcome,nsnp,ivw_beta,ivw_se,ivw_p,ivw_or,ivw_or_low,ivw_or_high,Q,Q_df,Q_p,egger_beta,egger_se,egger_p,egger_intercept,egger_int_p
IBD,MI,34,0.0068425234000952595,0.011860090452232354,0.5639821061943824,1.0068659869494345,0.9837305468944146,1.0305455278135929,68.68311548151696,33,0.0002633152387916393,-0.8494445861554448,3.0770962990009307,0.784281671552991,0.0063028448123695945,0.9993949632931161
IBD,Stroke,34,-0.01954060188797086,0.019493357924363706,0.3161390520962035,0.9806490781763378,0.9438881703939557,1.0188416855851925,24.76288333794853,33,0.8483030229722358,-3.492183932389282,3.50228876459786,0.3261894335077522,0.015185959484407367,0.9987192147084429
IBD,CHD,33,-0.00538902533866228,0.011869659384753312,0.6498167005920323,0.9946254694091781,0.9717530624914955,1.018036230172504,51.87214793021445,32,0.014594253075379315,0.6998778782937666,2.8794229828457234,0.8095586429817896,0.00557093109826902,0.9994241965634703
Crohn,MI,29,0.007104202509166786,0.009359743047224202,0.44784248840604257,1.0071294972199165,0.9888220489188936,1.0257758969669162,67.53238505289886,28,4.086149695625707e-05,-0.9617272566024595,2.4309449411325637,0.6954950925726868,0.012007693885141474,0.9985569470296487
Crohn,Stroke,29,-0.019228896628194114,0.015528768852348341,0.21561386260704563,0.980954799296966,0.9515478699009052,1.011270529525711,32.65216430617367,28,0.2487889035224955,-2.3662907030633282,3.2918527154385773,0.47841957127163415,-0.006595941827640692,0.9994146246669833
Crohn,CHD,29,0.00034591541130878,0.00921358253428428,0.970051200069616,1.000345975246944,0.9824432415168991,1.01857494449011,38.26379489027328,28,0.09351112882189538,1.1425018000716551,1.5981655760827502,0.4808172977492049,-0.012867623909228278,0.9976478015443035
UC,MI,21,0.003266163745207662,0.013097469704873696,0.8030717704534032,1.003271503469902,0.9778442483688626,1.0293599531354662,47.119104628538146,20,0.0005646722894968592,1.7149508121620867,4.882348179868284,0.7292618344293098,-1.1698343826399317e-05,0.9999994751068562
UC,Stroke,21,-0.01265301466063768,0.021674504535442844,0.5593722969610124,0.9874266981726155,0.9463573398690049,1.0302783559527684,12.120766974683105,20,0.9118565321979233,-4.520974667008064,3.575319222868981,0.22134402681821075,-0.018041906496154034,0.9988945407968111
UC,CHD,20,-0.012293111421372032,0.014517608331414411,0.39712194221229646,0.9877821401983568,0.9600713985934897,1.0162927027346844,37.24213414469071,19,0.007399466521958886,2.6763584917726932,3.7818836500830435,0.48820749998141655,-0.019344158431234396,0.9988607932007003
