exposure,outcome,method,nsnp,OR,CI_low,CI_high,beta,se,pval,egger_intercept,egger_intercept_se,egger_intercept_p,Q,Q_df,Q_pval,I2
IBD,Myocardial_Infarction,IVW (fixed),116,0.99585024948116,0.9821229797500144,1.009769387174014,-0.004158384628068964,0.007081816265000983,0.5570748811202972,,,,,,,
IBD,Myocardial_Infarction,MR-Egger,116,0.9984888415381593,0.976053880708066,1.0214394782724177,-0.001512301413388157,0.011594483181592685,0.8962239829685128,-0.003109828077742933,0.0016494096723574292,0.05937331186092552,310.4871469577551,115.0,0.0,62.96142976390359
IBD,Ischemic_Stroke,IVW (fixed),45,1.0188206524560763,0.9740177437129673,1.06568440726159,0.018645735272313387,0.02294463949663603,0.41642440509843226,,,,,,,
IBD,Ischemic_Stroke,MR-Egger,45,1.0179866691035446,0.9600137066621228,1.0794604819504467,0.017826822859429912,0.02991558148396271,0.5512391779786676,0.0013355954519427094,0.0036142293282341257,0.7117266772495647,72.92698029472412,44.0,0.00396096027956494,39.665676787685165
Crohns_Disease,Myocardial_Infarction,IVW (fixed),89,0.9958554396566035,0.9817919712041528,1.0101203572456472,-0.0041531728385241174,0.007256460296830161,0.5670906894089326,,,,,,,
Crohns_Disease,Myocardial_Infarction,MR-Egger,89,0.9981533130160463,0.9737786003093402,1.0231381506724542,-0.0018483942124970269,0.012613733015247123,0.8834965060290179,-0.0018613345786162167,0.002031259605417859,0.35948597388205616,254.8636627847919,88.0,0.0,65.47173534333625
Crohns_Disease,Ischemic_Stroke,IVW (fixed),28,0.9852933868938566,0.9453358438670578,1.0269398590510765,-0.014815827445382153,0.02112203920596343,0.48302893128864344,,,,,,,
Crohns_Disease,Ischemic_Stroke,MR-Egger,28,0.9843928142838093,0.9388876477113574,1.0321034845603885,-0.01573026008166984,0.024147549923763095,0.5147737169601547,0.0005592080072879326,0.0039980364506009055,0.8887621812740885,31.514732639219414,27.0,0.250533078257427,14.325784359029988
Ulcerative_Colitis,Myocardial_Infarction,IVW (fixed),63,0.9791301045875587,0.9626184180669308,0.9959250142282084,-0.021090749890672084,0.008677264662990562,0.015074850566678445,,,,,,,
Ulcerative_Colitis,Myocardial_Infarction,MR-Egger,63,0.9791772617609212,0.9534132425445925,1.0056375002624025,-0.021042588734581903,0.013604213144676896,0.1219187172565691,-0.0003458291587877984,0.0021449354758034276,0.8719118085939972,149.92933249615123,62.0,3.0290151498135742e-09,58.64718466508775
Ulcerative_Colitis,Ischemic_Stroke,IVW (fixed),28,0.966385013494477,0.9231759762806878,1.0116164396621734,-0.03419295948135299,0.023337982812155253,0.1428880161011639,,,,,,,
Ulcerative_Colitis,Ischemic_Stroke,MR-Egger,28,0.9663877640774997,0.9263238816317435,1.0081844256391306,-0.03419011322538885,0.021602667389108397,0.11349438104557838,-1.154556714045399e-05,0.0033629566681871855,0.9972607403009794,22.2444447178114,27.0,0.7248544820275875,0.0
