exposure,outcome,method,nsnp,OR,CI_low,CI_high,beta,se,pval,egger_intercept,egger_intercept_se,egger_intercept_p,Q,Q_df,Q_pval,I2,F_mean,n_instruments_total,n_instruments_used,F_n_gt10,F_gt10_pct
IBD,Myocardial_Infarction,IVW (fixed),116,0.99585024948116,0.9821229797500144,1.009769387174014,-0.0041583846280689,0.0070818162650009,0.5570748811202972,,,,,,,,70.63058146831094,117.0,116.0,,
IBD,Myocardial_Infarction,MR-Egger,116,0.9984888415381592,0.976053880708066,1.0214394782724177,-0.0015123014133881,0.0115944831815926,0.8962239829685128,-0.0031098280777429,0.0016494096723574,0.0593733118609255,310.4871469577551,115.0,0.0,62.96142976390359,70.63058146831094,117.0,116.0,,
IBD,Ischemic_Stroke,IVW (fixed),45,1.0188206524560763,0.9740177437129672,1.06568440726159,0.0186457352723133,0.022944639496636,0.4164244050984322,,,,,,,,71.63048318387484,117.0,45.0,,
IBD,Ischemic_Stroke,MR-Egger,45,1.0179866691035446,0.9600137066621228,1.0794604819504467,0.0178268228594299,0.0299155814839627,0.5512391779786676,0.0013355954519427,0.0036142293282341,0.7117266772495647,72.92698029472412,44.0,0.0039609602795649,39.665676787685165,71.63048318387484,117.0,45.0,,
Crohns_Disease,Myocardial_Infarction,IVW (fixed),89,0.9958554396566036,0.9817919712041528,1.0101203572456472,-0.0041531728385241,0.0072564602968301,0.5670906894089326,,,,,,,,77.02376381405514,89.0,89.0,,
Crohns_Disease,Myocardial_Infarction,MR-Egger,89,0.9981533130160464,0.9737786003093402,1.0231381506724542,-0.001848394212497,0.0126137330152471,0.8834965060290179,-0.0018613345786162,0.0020312596054178,0.3594859738820561,254.8636627847919,88.0,0.0,65.47173534333625,77.02376381405514,89.0,89.0,,
Crohns_Disease,Ischemic_Stroke,IVW (fixed),28,0.9852933868938566,0.9453358438670578,1.0269398590510763,-0.0148158274453821,0.0211220392059634,0.4830289312886434,,,,,,,,81.81018362063988,89.0,28.0,,
Crohns_Disease,Ischemic_Stroke,MR-Egger,28,0.9843928142838092,0.9388876477113574,1.0321034845603885,-0.0157302600816698,0.024147549923763,0.5147737169601547,0.0005592080072879,0.0039980364506009,0.8887621812740885,31.51473263921941,27.0,0.250533078257427,14.325784359029988,81.81018362063988,89.0,28.0,,
Ulcerative_Colitis,Myocardial_Infarction,IVW (fixed),63,0.9791301045875588,0.9626184180669308,0.9959250142282084,-0.021090749890672,0.0086772646629905,0.0150748505666784,,,,,,,,69.79479225283852,63.0,63.0,,
Ulcerative_Colitis,Myocardial_Infarction,MR-Egger,63,0.9791772617609212,0.9534132425445924,1.0056375002624025,-0.0210425887345819,0.0136042131446768,0.1219187172565691,-0.0003458291587877,0.0021449354758034,0.8719118085939972,149.92933249615123,62.0,3.0290151498135742e-09,58.64718466508775,69.79479225283852,63.0,63.0,,
Ulcerative_Colitis,Ischemic_Stroke,IVW (fixed),28,0.966385013494477,0.9231759762806878,1.0116164396621734,-0.0341929594813529,0.0233379828121552,0.1428880161011639,,,,,,,,72.1775200956572,63.0,28.0,,
Ulcerative_Colitis,Ischemic_Stroke,MR-Egger,28,0.9663877640774996,0.9263238816317436,1.0081844256391306,-0.0341901132253888,0.0216026673891083,0.1134943810455783,-1.154556714045399e-05,0.0033629566681871,0.9972607403009794,22.2444447178114,27.0,0.7248544820275875,0.0,72.1775200956572,63.0,28.0,,
IBD,Myocardial_Infarction,Weighted Median,116,0.996713,0.979324,1.014411,-0.003292,0.00898,0.713921,,,,,,,,70.6,,,116.0,100.0
IBD,Ischemic_Stroke,Weighted Median,45,0.991832,0.916624,1.07321,-0.008202,0.040233,0.838461,,,,,,,,71.6,,,45.0,100.0
Crohns_Disease,Myocardial_Infarction,Weighted Median,89,0.995658,0.968883,1.023173,-0.004352,0.013908,0.754371,,,,,,,,77.0,,,89.0,100.0
Crohns_Disease,Ischemic_Stroke,Weighted Median,28,0.940896,0.871721,1.01556,-0.060923,0.038961,0.117889,,,,,,,,81.8,,,28.0,100.0
Ulcerative_Colitis,Myocardial_Infarction,Weighted Median,63,0.969133,0.932816,1.006864,-0.031353,0.019487,0.107626,,,,,,,,69.8,,,63.0,100.0
Ulcerative_Colitis,Ischemic_Stroke,Weighted Median,28,0.973299,0.923113,1.026215,-0.027064,0.02701,0.31636,,,,,,,,72.2,,,28.0,100.0
